{"cameraMode":{"drawMode":0,"name":"Shaded","section":"Shading Mode"},"sceneLighting":true,"audioPlay":false,"sceneViewState":{"m_AlwaysRefresh":false,"showFog":true,"showSkybox":true,"showFlares":true,"showImageEffects":true,"showParticleSystems":true,"showVisualEffectGraphs":true,"m_FxEnabled":true},"in2DMode":false,"pivot":{"x":2.3902642726898195,"y":0.7814799547195435,"z":1.2779979705810547},"rotation":{"x":-0.016405757516622545,"y":0.02297850511968136,"z":-0.00038387911627069116,"w":-0.9996337294578552},"size":1.4190982580184937,"orthographic":false}