{"cameraMode":{"drawMode":0,"name":"Shaded","section":"Shading Mode"},"sceneLighting":true,"audioPlay":false,"sceneViewState":{"m_AlwaysRefresh":false,"showFog":true,"showSkybox":true,"showFlares":true,"showImageEffects":true,"showParticleSystems":true,"showVisualEffectGraphs":true,"m_FxEnabled":true},"in2DMode":false,"pivot":{"x":2.472010612487793,"y":0.45010292530059817,"z":0.9884005784988403},"rotation":{"x":-0.0829772800207138,"y":-0.5581299662590027,"z":0.056248560547828677,"w":-0.8237202167510986},"size":1.4190982580184937,"orthographic":false}