{"cameraMode":{"drawMode":0,"name":"Shaded","section":"Shading Mode"},"sceneLighting":true,"audioPlay":false,"sceneViewState":{"m_AlwaysRefresh":false,"showFog":true,"showSkybox":true,"showFlares":true,"showImageEffects":true,"showParticleSystems":true,"showVisualEffectGraphs":true,"m_FxEnabled":true},"in2DMode":false,"pivot":{"x":477.2703857421875,"y":493.9014892578125,"z":108.0701904296875},"rotation":{"x":0.22545938193798066,"y":-0.03286006301641464,"z":0.0077097066678106789,"w":0.9738473296165466},"size":706.1415405273438,"orthographic":false}