{"cameraMode":{"drawMode":0,"name":"Shaded","section":"Shading Mode"},"sceneLighting":true,"audioPlay":false,"sceneViewState":{"m_AlwaysRefresh":false,"showFog":true,"showSkybox":true,"showFlares":true,"showImageEffects":true,"showParticleSystems":true,"showVisualEffectGraphs":true,"m_FxEnabled":true},"in2DMode":false,"pivot":{"x":348.05718994140627,"y":-10.928768157958985,"z":-25.949811935424806},"rotation":{"x":0.009059952571988106,"y":0.9826286435127258,"z":-0.05018145963549614,"w":0.17896915972232819},"size":8.909582138061524,"orthographic":false}