{"cameraMode":{"drawMode":0,"name":"Shaded","section":"Shading Mode"},"sceneLighting":false,"audioPlay":false,"sceneViewState":{"m_AlwaysRefresh":false,"showFog":true,"showSkybox":false,"showFlares":true,"showImageEffects":true,"showParticleSystems":true,"showVisualEffectGraphs":true,"m_FxEnabled":true},"in2DMode":false,"pivot":{"x":1.5239999294281006,"y":0.8703787326812744,"z":2.932302474975586},"rotation":{"x":-0.1288508176803589,"y":-0.009833103977143765,"z":0.001283554476685822,"w":-0.9916622042655945},"size":3.0444717407226564,"orthographic":false}